Year,Make,Model,Stock Number,Color
2026,Harley-DavidsonÂź,FLHX - Street GlideÂź,608061,Vivid Black
2026,Harley-DavidsonÂź,FXBB - Street BobÂź,024360,Vivid Black
2026,Harley-DavidsonÂź,FXBB - Street BobÂź,023952,Vivid Black
2026,Harley-DavidsonÂź,FXBB - Street BobÂź,024148,Vivid Black
2026,Harley-DavidsonÂź,FXLRS - Low RiderÂź S,024359,Vivid Black
2026,Harley-DavidsonÂź,FXLRS - Low RiderÂź S,022567,Vivid Black
2026,Harley-DavidsonÂź,FXLRS - Low RiderÂź S,022298,Vivid Black
2026,Harley-DavidsonÂź,RH975 - NightsterÂź,304005,Vivid Black
2026,Harley-DavidsonÂź,RH975 - NightsterÂź,304443,Drk Biliard Gry
2026,Harley-DavidsonÂź,RH975 - NightsterÂź,302680,Drk Biliard Gry
2026,Harley-DavidsonÂź,RH975 - NightsterÂź,302615,Drk Biliard Gry
2026,Harley-DavidsonÂź,RH975 - NightsterÂź,304698,Vivid Black
2026,Harley-DavidsonÂź,RH975 - NightsterÂź,304478,Blood Orange
2026,Harley-DavidsonÂź,RH975S - NightsterÂź Special,304534,Blood Orange
2026,Harley-DavidsonÂź,RH975S - NightsterÂź Special,304637,Drk Biliard Gry
2025,Harley-DavidsonÂź,RH975S - NightsterÂź Special,309242B,Billiard Gray
2025,HondaÂź,Grom,300234,White
2023,Harley-DavidsonÂź,FLHX - Street GlideÂź,674981,Redline Red
2022,Harley-DavidsonÂź,FLTRK - Road GlideÂź Limited,620410,Reef Blue/Black W/Ps
2022,Harley-DavidsonÂź,FXLRS - Low RiderÂź S,060240B,Black
2022,Harley-DavidsonÂź,XL883N - Iron 883âą,403396A,Gunship Gray
2021,Harley-DavidsonÂź,FLHXS - Street GlideÂź Special,663967A,Black
2021,Harley-DavidsonÂź,FLTRXS - Road GlideÂź Special,614879B,Snake Venom
2020,Harley-DavidsonÂź,FLHTK - Ultra Limited,635816,Black
2018,Harley-DavidsonÂź,FLHXS - Street GlideÂź Special,657824A,Bnvl Salt Denim
2018,Harley-DavidsonÂź,FLTRX - Road GlideÂź,654657B,Black
2013,Harley-DavidsonÂź,FLHTK - Electra GlideÂź Ultra Limited,602736A,597 Yello Prl/V Blk W/ Pins
2024,PolarisÂź,RZR XP 1000,305969,Red/Black
2023,Can-AmÂź,#900,001207B,Red
